id,satisfaction_level
4615,0.74927384
1680,0.1319388
8866,0.6446428
7525,0.72167784
5389,0.6650999
3221,0.7103178
10553,0.683091
4069,0.71263534
3076,0.6399428
12516,0.29731786
2936,0.6581425
1817,0.5307779
6494,0.6614434
3332,0.7060758
3866,0.73844135
8812,0.6796077
13538,0.6452345
12066,0.54517514
6485,0.7256929
4192,0.6030368
1733,0.54476196
6606,0.6272821
4396,0.6413326
11758,0.6866666
14528,0.5291831
246,0.5336331
9224,0.7574243
13117,0.7291152
10546,0.19111718
3343,0.7377967
3937,0.6551782
10597,0.5786336
4060,0.66983384
2795,0.7387328
6618,0.6916659
2306,0.6715849
10466,0.65336555
3777,0.7551851
10534,0.5968202
733,0.50692725
9343,0.7868412
3470,0.60683864
6382,0.71814257
4696,0.7164858
11009,0.62164885
11625,0.7434092
2978,0.6717797
7911,0.6711394
1826,0.28855503
3798,0.6805808
7320,0.64530325
12357,0.54166263
3165,0.7588045
3334,0.690102
1848,0.6550588
14695,0.53564626
3995,0.47516298
8294,0.5446643
10297,0.69659036
11065,0.6199618
1345,0.7357587
847,0.76617485
3288,0.6579835
12367,0.5334944
5239,0.7031964
3818,0.31435943
9414,0.6420698
5959,0.65094584
13861,0.63323885
9163,0.7534094
1446,0.55194145
7135,0.5667803
6176,0.43227994
1690,0.68713695
8590,0.58733296
617,0.7568961
6171,0.6513469
8177,0.18407394
926,0.72702295
5031,0.6985893
8163,0.6259321
9700,0.70137197
3509,0.70242417
14411,0.687674
7484,0.6957131
196,0.13193879
11812,0.68503845
753,0.5386998
6507,0.6638226
12708,0.271802
6674,0.6866703
4205,0.6568148
13482,0.59515065
13122,0.62966424
7021,0.627935
10762,0.666735
14701,0.6834692
14700,0.71860105
11813,0.6735148
6988,0.7697111
4918,0.70752394
8916,0.66554785
8027,0.58554924
11312,0.67456764
3294,0.6476242
8824,0.71936554
1297,0.5311535
12555,0.1319388
10220,0.6574411
3763,0.67599255
3160,0.51415384
13786,0.6039967
12334,0.18067764
5421,0.7280164
5902,0.6443655
12768,0.1945131
3533,0.64904964
14206,0.60537416
8328,0.7094628
10362,0.6256518
9863,0.7739735
3676,0.20704837
3803,0.7187972
9191,0.63686806
3423,0.54995376
9839,0.5970569
6180,0.6481706
1698,0.18428138
3469,0.7321442
6699,0.65754133
12724,0.54275966
12058,0.52758217
11641,0.64338684
14134,0.6556978
8922,0.6982438
4765,0.78673846
1310,0.7517956
4947,0.6874195
8287,0.6076738
11482,0.7487294
6314,0.7494182
6393,0.7108988
8149,0.7093394
4800,0.7084167
13784,0.24821453
6514,0.6577278
7431,0.5803787
2983,0.5820819
3475,0.59237605
6820,0.702547
5873,0.71205235
12990,0.6915488
2500,0.6555911
8766,0.6821578
12981,0.6136047
5438,0.73846275
13857,0.5805939
11264,0.60298806
3201,0.6344424
2627,0.75464064
165,0.13193882
10858,0.75348973
3022,0.68635917
6155,0.22453775
14965,0.523514
14748,0.53166753
1449,0.53340334
14587,0.7587574
5646,0.6821085
4509,0.5774985
1551,0.5400735
12493,0.17751035
9665,0.6099854
2639,0.7088483
3752,0.578428
5196,0.6407259
762,0.51435053
12500,0.6862101
8273,0.7365864
7835,0.71605253
5625,0.6076686
14136,0.6030016
12635,0.5314492
6283,0.68526167
2867,0.60317624
12253,0.7587344
2182,0.52288973
9915,0.53340405
10679,0.6593551
3286,0.68802136
1876,0.15705849
12101,0.5354808
11921,0.64011264
7454,0.61833316
8018,0.6988127
14733,0.13193882
10943,0.63122886
14838,0.5361643
11834,0.67927533
5375,0.7339213
10953,0.64034456
2834,0.3327403
9185,0.70139295
8510,0.75565106
14291,0.5333664
10431,0.6581593
13632,0.63590735
1477,0.5285189
10944,0.6398459
5381,0.6600906
12532,0.2942844
5227,0.6326258
14711,0.68710566
6150,0.6092622
14214,0.76021475
2760,0.61482894
7110,0.68478864
11160,0.6006581
7333,0.7202704
10368,0.6918264
5101,0.7159402
3773,0.694717
8239,0.7438554
5174,0.6914355
11964,0.7473244
6764,0.5838757
7893,0.6554004
1053,0.27729964
1299,0.6650091
5366,0.75621
4008,0.7160727
10479,0.69028926
1946,0.5230994
10376,0.6746916
6140,0.68861073
5412,0.6211117
4083,0.6409176
13617,0.59931666
9464,0.7793315
9279,0.69277936
14520,0.22927701
4783,0.56045717
13635,0.6890196
6458,0.7209104
6454,0.67514426
1514,0.6283376
1437,0.5443119
14762,0.703551
6269,0.72880405
9295,0.5177983
11419,0.69465524
6572,0.19886419
5785,0.75808704
11293,0.6556781
12259,0.20067751
12788,0.697983
12482,0.7249747
12535,0.5501403
2431,0.6494786
4288,0.6688892
6115,0.7055693
4768,0.73914146
1779,0.52235365
3356,0.6479968
6023,0.58248407
9662,0.54245335
6271,0.7283868
10763,0.5519214
5884,0.74881893
5020,0.6956554
5175,0.73632133
14693,0.72281975
819,0.5261233
11983,0.66413635
5216,0.6573628
14778,0.22350004
10016,0.63459414
10447,0.6759233
3062,0.7303131
12391,0.5434695
8609,0.6282328
3897,0.72151357
14590,0.73947746
12511,0.601325
5592,0.7079758
10348,0.5965753
9286,0.59278405
2063,0.7097013
8955,0.71864396
10666,0.7238097
10716,0.68464386
5268,0.6799366
6653,0.70395356
12837,0.67569906
12077,0.5334101
10381,0.3880604
14160,0.67879325
3629,0.37150532
11245,0.6818316
690,0.52678347
2147,0.64459866
12298,0.51888305
6251,0.67618734
524,0.7796586
13762,0.6515351
2719,0.66213506
14389,0.52189684
222,0.537696
11102,0.7420625
7451,0.66969544
6146,0.6852794
8610,0.66554576
4371,0.7170482
355,0.5391791
12060,0.7645889
3048,0.65348595
10233,0.7318823
14189,0.6453916
13574,0.5634093
14299,0.53701717
4499,0.67639256
7470,0.6177446
13269,0.6595072
3824,0.6576039
822,0.5225327
198,0.1319388
12742,0.53580755
6526,0.68745667
13859,0.45832133
3890,0.5217988
1401,0.24679865
1302,0.13193882
7639,0.6985763
10182,0.43276387
8220,0.66578513
9040,0.7095859
4853,0.69925827
8896,0.72462565
4440,0.59878755
3150,0.70906216
14989,0.5619492
14886,0.518332
8178,0.5840578
6016,0.6067956
3249,0.68479043
6740,0.6507
2811,0.6618041
2852,0.6681382
14479,0.5481967
12453,0.53789955
12382,0.52430415
2512,0.7389751
12471,0.5403254
9259,0.7315448
2823,0.6851105
3924,0.7674714
9208,0.7549228
12538,0.75427896
14372,0.73234683
9879,0.64339465
8636,0.68081707
11206,0.695136
9269,0.681837
13485,0.6724071
1256,0.51196665
14499,0.7526941
9659,0.71341056
227,0.54177827
7163,0.74677116
3860,0.61375684
2057,0.6820865
13878,0.6158776
11310,0.7037743
11835,0.41866094
2716,0.7458697
13171,0.66182035
11789,0.77328175
14667,0.7699527
6632,0.623859
1056,0.5422687
2289,0.58952624
10089,0.5892109
4268,0.66468775
11656,0.68365484
1753,0.75245374
11979,0.679771
6033,0.30078876
3224,0.6769857
2206,0.63960403
3867,0.6740102
7988,0.6976047
1231,0.31438345
11866,0.7393084
11,0.15703747
8105,0.6927692
13706,0.6040417
1224,0.16846748
878,0.5235615
9819,0.7143781
10879,0.6835328
7433,0.26601148
3482,0.7356804
12162,0.5334478
3663,0.6953407
7306,0.78926176
3704,0.6377635
8043,0.5909884
13146,0.7755912
5061,0.715455
7633,0.6638555
5978,0.6560876
14716,0.21831323
7571,0.62017643
14603,0.7713551
2355,0.64076144
9540,0.7061128
6794,0.7522871
13385,0.21458519
13276,0.6156491
14255,0.23270373
14938,0.76197577
5371,0.6033146
7314,0.68175447
6562,0.6355389
1008,0.74882525
11914,0.7331539
1575,0.64067334
683,0.6621526
4412,0.7504133
10519,0.72682077
14718,0.54886174
3198,0.7869075
10976,0.59719896
7782,0.51973027
2034,0.72591895
13923,0.7068863
12666,0.35483277
14141,0.60719633
5014,0.7282708
8518,0.70039827
11889,0.6394653
36,0.51786965
11150,0.5958292
8599,0.59183794
856,0.24731351
7467,0.7271417
1974,0.5295242
8732,0.62621695
12914,0.60071504
442,0.75711125
8470,0.7384165
10418,0.62556523
6689,0.6748107
14498,0.27664077
3608,0.73753566
4075,0.6653187
7739,0.7433966
11079,0.6463285
13019,0.6373905
11120,0.7560927
1699,0.50918216
6678,0.62207025
6470,0.6159805
1368,0.52664185
3679,0.64248914
2351,0.72515076
7803,0.5467681
12046,0.53999984
12295,0.5326223
3882,0.73924863
325,0.5280172
1204,0.55232364
7906,0.70321435
4005,0.6449374
12614,0.13193882
657,0.53372616
4125,0.69905084
2348,0.66161114
13738,0.63716745
1289,0.4924832
9635,0.7187717
10526,0.7081442
9654,0.68395644
703,0.5443221
14401,0.1319388
1676,0.13193879
3328,0.5967961
8805,0.666897
5849,0.6234087
7521,0.6711897
5739,0.6800251
3896,0.6160207
13662,0.670819
3029,0.75050384
4346,0.5611907
6201,0.72380507
14796,0.5263345
83,0.72322065
1082,0.7573901
9039,0.58968765
14197,0.6336605
12055,0.52039224
6331,0.5539335
7254,0.7729932
12851,0.63929206
12495,0.76224345
9287,0.66932046
7615,0.6627652
5550,0.62745965
7886,0.60687685
14786,0.51686466
11216,0.6219907
2365,0.6445792
852,0.7562925
5809,0.7309067
1486,0.27814344
5580,0.6909382
13730,0.55481493
9074,0.6612025
6711,0.6626505
1945,0.7385109
319,0.5122096
12057,0.15642805
13282,0.61524254
7858,0.6131265
5052,0.7130781
12280,0.25757444
11318,0.7612702
5772,0.23770486
1251,0.55781454
4781,0.6131063
439,0.5308468
10193,0.6868603
714,0.53401256
6739,0.7045159
1643,0.19020686
11797,0.7582613
4715,0.6804611
7442,0.56334674
2116,0.75299424
9758,0.6441892
6979,0.7215267
13070,0.6758847
2871,0.65658003
7244,0.3047225
1380,0.74174315
10493,0.73779184
11655,0.710152
13483,0.6005253
880,0.6485292
1041,0.6955176
1840,0.13193883
9137,0.6457862
6790,0.6923844
7344,0.60241854
1167,0.52619064
204,0.7062983
8551,0.6943173
6384,0.6589982
3821,0.72809565
10889,0.59091896
14164,0.605099
7480,0.67424434
14713,0.1319388
11401,0.7720668
10909,0.6759336
11653,0.6446889
11210,0.6127912
309,0.22702684
401,0.7440472
13596,0.65445656
14433,0.5380851
3031,0.67835814
4467,0.67022455
4518,0.65264654
2971,0.691143
3983,0.65309113
11094,0.6770838
2296,0.55896485
10276,0.67829746
13466,0.6360422
2671,0.64880526
2736,0.58931655
10718,0.6370105
5136,0.6939451
9019,0.6744041
8850,0.6649324
2488,0.653176
4650,0.73058456
3155,0.6855747
5401,0.627752
12558,0.5346436
4548,0.6875006
3447,0.7567175
11397,0.70400727
13199,0.7539453
10132,0.5751886
5734,0.695756
7331,0.7318236
13726,0.6387486
7114,0.6980856
12565,0.6730067
11698,0.6751124
5545,0.6719969
14576,0.7287801
328,0.24684672
2847,0.66551715
14545,0.18374786
13775,0.5130864
9837,0.7050374
13102,0.655489
13639,0.67195743
2800,0.7319476
7932,0.6991237
7897,0.7072237
13834,0.73539716
8856,0.72356933
4873,0.6253631
73,0.13193882
2394,0.748118
13548,0.5325232
7414,0.54276323
4142,0.63133377
66,0.54532284
4165,0.6558746
665,0.6719567
830,0.7371257
3258,0.6494114
2799,0.6681722
10120,0.6939969
7852,0.5803909
1405,0.5366575
2438,0.6891175
1951,0.71944326
6659,0.7139571
1880,0.68055004
14754,0.7485464
6167,0.66237104
11969,0.715381
12814,0.5829561
7489,0.71241385
13402,0.67195183
7695,0.6826441
10709,0.71196383
9327,0.71536905
5312,0.7156683
6371,0.73291475
12595,0.659942
4404,0.7543767
5643,0.7341394
1306,0.24222367
5036,0.67090935
10457,0.7281608
2338,0.62419987
4827,0.70384544
9512,0.5430641
9842,0.5478905
10329,0.62942594
7711,0.6598041
6300,0.67967516
6884,0.47957516
11420,0.6768772
2740,0.41625464
3916,0.6768716
5872,0.7020485
562,0.5542612
14330,0.51331854
352,0.74483186
6682,0.6567891
5957,0.7557623
10614,0.69732004
11621,0.70158315
12010,0.5334501
12792,0.7932135
11182,0.77983654
6460,0.6820125
12652,0.19275725
11984,0.65367657
4511,0.64392537
12872,0.67280465
6383,0.64091843
2996,0.72235554
8146,0.68909305
5517,0.71759397
13442,0.57473516
778,0.13193879
2902,0.7152353
8952,0.71509874
11515,0.64066
11062,0.75431067
4195,0.6270336
7301,0.6631978
10258,0.5559222
3541,0.7150462
7963,0.39796352
9497,0.5676127
6039,0.5913902
8717,0.5965434
7979,0.61499363
12884,0.45508987
14759,0.7406114
14187,0.5873503
5265,0.62405807
814,0.13193876
5940,0.7781095
5272,0.72364753
14896,0.7739885
7611,0.6439753
14850,0.5312591
6366,0.65316623
4243,0.62317884
9144,0.7304701
1903,0.75251526
1199,0.5563037
4578,0.698365
12636,0.53457075
13271,0.68818647
13401,0.63240916
12475,0.53892446
9423,0.5810472
13710,0.7000777
7962,0.6398088
9932,0.6807546
11876,0.6390137
5189,0.68184495
11493,0.63948554
9076,0.6624665
5740,0.69684
7094,0.69055694
7753,0.6214897
12923,0.6204525
8215,0.68915266
1644,0.78482
14824,0.74441177
7535,0.6774953
5984,0.6060657
1121,0.5280232
3230,0.5172846
4226,0.6753389
9703,0.5237889
6261,0.7256718
4017,0.71798015
2231,0.6836578
1655,0.27745923
11098,0.74685246
13335,0.23435369
8442,0.6920268
8540,0.7038278
4539,0.6363184
13927,0.66104454
1365,0.17911409
5075,0.6788167
9498,0.61132056
12262,0.5335042
10581,0.7903085
2943,0.6697398
7716,0.76687783
6262,0.704621
3801,0.579439
6986,0.6183011
465,0.5420454
3238,0.671285
4291,0.73544055
13559,0.60171276
11867,0.64046186
6768,0.7084771
12312,0.53381234
10965,0.6974284
1175,0.75251496
8012,0.75524014
13633,0.66568977
14406,0.16415514
5948,0.6739623
7367,0.6531907
3015,0.58913535
5026,0.7723617
8219,0.7147371
6071,0.67899317
5926,0.6376975
11518,0.75395435
4091,0.6683242
13059,0.643307
8775,0.6212865
10396,0.78830886
8268,0.7043099
651,0.25303882
1856,0.23474737
7430,0.32915145
13805,0.6299016
498,0.5246957
12836,0.59498674
8927,0.6768416
10359,0.70831186
6887,0.70010716
7210,0.48270124
2537,0.65360534
7104,0.65923136
12299,0.7120537
5588,0.669535
11696,0.68377763
419,0.71530235
3231,0.76991683
14007,0.6551135
124,0.52601886
5156,0.67081827
2560,0.6663819
8353,0.6776567
396,0.54193
1412,0.51877826
4471,0.7509568
14315,0.5404444
1668,0.7848764
11023,0.72102785
4417,0.7658798
9168,0.7734885
10609,0.701367
12674,0.53917086
2091,0.52437353
8743,0.60765857
8198,0.6897546
3375,0.714802
1886,0.21038038
11908,0.5140417
2596,0.6247768
10689,0.6885988
7016,0.510798
8726,0.7041045
10,0.5303814
8521,0.68469787
14801,0.544007
10354,0.5811554
7342,0.6911109
6056,0.54718584
3424,0.67387336
9082,0.7016491
12432,0.5379484
10393,0.7113494
6992,0.6967682
4536,0.29310888
14427,0.5351465
12398,0.7298646
8253,0.6140391
13636,0.62074465
92,0.52691656
1360,0.25060755
4834,0.6907974
537,0.5348932
65,0.4685387
12934,0.74632233
6233,0.7252528
10618,0.7163461
8341,0.7271578
6431,0.70848614
11369,0.6593597
12622,0.5973145
13686,0.6788514
11122,0.64963335
1182,0.7400655
3947,0.7316777
2455,0.6006599
11027,0.7114919
2326,0.6551717
14374,0.73741895
8525,0.5117067
13031,0.61480063
28,0.5111075
8835,0.7484371
6556,0.567035
14611,0.7202499
11100,0.74817353
14006,0.7165224
9745,0.75822973
5989,0.5976431
2318,0.700835
6468,0.7630307
8004,0.6736241
10987,0.6251374
1736,0.13193877
12024,0.5470498
12897,0.71057653
10520,0.7095012
766,0.74621195
14752,0.7398714
727,0.55562675
557,0.55355114
2932,0.5437476
12534,0.7609767
7191,0.7320056
193,0.30399394
3841,0.59793955
4039,0.66675586
11214,0.7698289
10677,0.49535078
5074,0.5464658
11331,0.6700292
7609,0.6699473
5313,0.6616562
1510,0.74530023
11037,0.73117125
13398,0.67778575
2170,0.70380414
12624,0.52904135
9268,0.38472682
13162,0.61743677
4402,0.66269755
4038,0.6965712
13869,0.65117663
4071,0.7454083
1821,0.18499191
848,0.21940495
7740,0.6213363
13186,0.6762391
496,0.3127103
13879,0.56413853
3383,0.7191016
1541,0.6793034
13033,0.69545585
4972,0.7449675
74,0.23954701
1564,0.71086735
3018,0.66362053
11618,0.71714497
11959,0.6556624
5051,0.57450455
4362,0.73408765
6814,0.66208
12861,0.6179268
10684,0.69723433
12260,0.5286663
7565,0.64292586
9130,0.6821698
7267,0.6418213
7243,0.70696694
3884,0.5992008
2652,0.7703487
14537,0.5423743
11708,0.48384142
7091,0.7530463
9741,0.6116157
806,0.5355869
7332,0.63341016
10777,0.6611708
5789,0.7948538
8241,0.6273421
9416,0.64464265
9309,0.62732065
226,0.52785575
8508,0.71774286
11609,0.5433518
4585,0.68884426
5178,0.71577233
4954,0.68017143
2598,0.5794974
14024,0.6715256
8059,0.6526875
11144,0.71708393
1013,0.13193877
9107,0.70496464
6376,0.6723897
1791,0.13193877
9850,0.7161357
2765,0.6138912
4640,0.5981592
9244,0.36781424
13252,0.64753264
14539,0.2455531
3530,0.68463004
6162,0.6151069
4821,0.76837796
6521,0.639056
6081,0.663564
9709,0.6448849
6361,0.72426546
334,0.18443474
2268,0.4115587
12408,0.7480411
2801,0.56521505
2235,0.37257022
8860,0.69041824
11666,0.7366176
12040,0.6620677
11732,0.5942579
9342,0.74423414
2128,0.7278452
3761,0.6110775
3832,0.7636594
522,0.13193882
14794,0.5431879
1813,0.24219449
13647,0.7519692
10848,0.6467605
743,0.18019198
10788,0.7030778
5674,0.7181029
14647,0.25815004
110,0.52329534
4913,0.69735914
4550,0.48332208
4872,0.6942888
1612,0.6077177
9752,0.65289325
11177,0.74732286
14953,0.52210355
2890,0.6587699
697,0.15829386
10399,0.69587463
90,0.52060694
14705,0.7810867
9725,0.6663622
4085,0.68026596
857,0.17226209
3855,0.69769794
13081,0.67185587
3552,0.7152193
8877,0.69238716
14573,0.539979
5943,0.7204463
3723,0.6725027
12883,0.7737003
634,0.7649995
14622,0.76493007
8413,0.77084166
12698,0.51860416
13044,0.7020939
13038,0.75016135
12830,0.6244274
2151,0.6978393
7219,0.74031156
9021,0.5982289
9150,0.67883563
3886,0.6087716
5669,0.7813931
5368,0.68966144
5678,0.5189785
6029,0.761344
68,0.7601393
5686,0.6501983
14685,0.74642116
14887,0.5402955
6920,0.76340276
2181,0.7422047
7214,0.7398549
6422,0.62244827
3282,0.7187354
5090,0.61877674
6710,0.7485741
4055,0.67491025
11570,0.66560215
14568,0.541552
11390,0.7176704
10735,0.656581
7813,0.733179
10446,0.5812234
8994,0.6582592
13425,0.7744752
8529,0.60422224
9919,0.6748577
7362,0.6494311
4176,0.64640427
3117,0.6708675
13130,0.5675357
2557,0.6558638
13646,0.63713634
10260,0.60412866
1124,0.5324024
3944,0.72696954
12250,0.6862481
14061,0.6400723
7894,0.758434
5082,0.56746405
1198,0.18601988
11999,0.6792125
10912,0.6660348
7027,0.6111743
2919,0.6575949
231,0.71259487
4289,0.57073545
11857,0.6851129
5598,0.7478579
7379,0.66450924
1101,0.13193879
6558,0.67575735
11207,0.66214067
589,0.5460362
9689,0.29445457
4080,0.6977082
10409,0.5789558
6815,0.60668594
4920,0.6293212
230,0.532602
9751,0.6156704
7361,0.747026
12444,0.52752995
7458,0.73812443
8406,0.58459324
5336,0.73842186
11902,0.6953911
10822,0.69479245
8057,0.7842937
9880,0.67301446
1330,0.51399803
4399,0.7048289
135,0.16114089
6513,0.73065376
3741,0.5059222
7697,0.6063651
14577,0.25444698
4475,0.6965902
984,0.662023
6965,0.5123563
4839,0.70672774
4087,0.6370077
10443,0.68880934
11571,0.52226686
4137,0.70338327
9570,0.65694124
705,0.5437296
4204,0.77770686
9722,0.6506092
5510,0.7728419
4991,0.6140229
6473,0.652291
6961,0.62502015
14228,0.75734013
7928,0.5685156
12459,0.51890314
4865,0.6845178
4760,0.66695267
13300,0.71500415
10647,0.66047853
2106,0.7042016
13526,0.70037836
12009,0.53668594
6275,0.6536861
713,0.7495566
14729,0.54040104
2117,0.699627
2904,0.5729185
8014,0.7895258
981,0.5357868
11314,0.64706117
11547,0.71579033
9581,0.7032247
7238,0.6937016
5346,0.6215879
2177,0.73176664
4798,0.6944989
1197,0.7735074
3905,0.5966143
13754,0.6058684
8377,0.59411615
12689,0.7508761
1649,0.52851254
3745,0.6807693
2540,0.63785875
1816,0.5352875
2167,0.72868043
12871,0.7366058
8243,0.64908046
8179,0.75195044
13489,0.5618053
5929,0.5860923
12798,0.6387529
4599,0.67182684
14674,0.74921745
6438,0.7090059
13458,0.6268291
11695,0.6387253
9619,0.67323774
10151,0.66202086
12504,0.6981545
10510,0.6244784
13093,0.7001714
158,0.5255539
9924,0.71521854
11058,0.66034895
4411,0.6712586
6409,0.72260636
8584,0.7157199
5428,0.56800467
6435,0.6404783
13119,0.53693974
5859,0.2689045
2378,0.67476207
11601,0.6343959
10994,0.7092758
1153,0.13193882
2984,0.6475106
8504,0.70462567
4604,0.7054091
12782,0.7613016
12313,0.51802635
8000,0.68728095
9648,0.6177588
2478,0.731633
1673,0.752302
1814,0.70553553
4461,0.6503296
8758,0.7035255
6877,0.7641194
12318,0.22968559
4016,0.71018034
12736,0.7342929
3907,0.707238
6419,0.402206
8029,0.5916582
8486,0.68847996
9649,0.6635098
5662,0.59870404
3043,0.58736223
10625,0.59466565
12022,0.17195465
2211,0.67767423
10032,0.3576122
6974,0.5852669
9153,0.6287244
13220,0.62513036
6683,0.59822387
3033,0.72696406
10225,0.64716816
8302,0.3482384
10991,0.57529217
5155,0.66222394
10513,0.77125007
7694,0.69470876
2665,0.71989065
1059,0.730915
2334,0.6632299
14923,0.53139204
10638,0.6486047
11754,0.7020661
7618,0.69613165
14366,0.15466563
4462,0.77971584
1533,0.53692126
1804,0.52941185
12266,0.2211735
12120,0.640018
5386,0.49824965
11445,0.64999855
13373,0.68404484
6124,0.6159571
13584,0.6112608
3430,0.6814952
6901,0.618995
5718,0.7307711
645,0.5356168
2995,0.66627204
9633,0.69106877
14166,0.6219314
8647,0.63240784
11510,0.6551662
698,0.522417
5695,0.62369007
7130,0.63104624
5938,0.6943762
10931,0.68096423
3567,0.73729306
9242,0.68343407
12116,0.6618694
2400,0.65999794
3529,0.26229638
8235,0.6882692
8100,0.6672177
10203,0.7230304
11316,0.65342647
2880,0.6471314
4175,0.76110613
3602,0.76813775
4733,0.6645091
14617,0.7369048
4806,0.61544186
1462,0.54141355
6718,0.68841
2909,0.68266344
13328,0.66237456
8451,0.27471787
10612,0.6535806
11323,0.7174842
1025,0.51890576
14795,0.548398
13436,0.65547293
11831,0.7301894
184,0.5377563
14529,0.2457675
3575,0.31636864
8473,0.7017006
4111,0.35694867
3069,0.6170656
11880,0.6203763
5321,0.6952911
6172,0.6475293
11953,0.60493463
11201,0.60589534
5079,0.6772085
7043,0.7285113
2452,0.5497402
13187,0.5976308
1177,0.72594506
12283,0.24788924
11132,0.6188939
7124,0.7101382
10267,0.5241256
13077,0.7384596
12257,0.5450637
7657,0.63382715
3244,0.7609271
9767,0.70027184
13644,0.2956977
8614,0.672939
11674,0.6872222
5752,0.6851792
5713,0.60640514
9432,0.5677994
10453,0.6721633
8433,0.6871083
5915,0.5929548
14086,0.4203183
13616,0.64551806
13722,0.71734995
5551,0.7215959
4229,0.6514104
13145,0.6778509
133,0.5274545
9824,0.51282454
12716,0.5150248
7253,0.6312616
3683,0.62443274
2094,0.5480909
1617,0.75248903
13386,0.57404774
9991,0.52801406
10810,0.6903535
1418,0.13193882
4885,0.7349079
5852,0.5934883
12227,0.539092
13575,0.6249574
6154,0.75487125
12200,0.6886169
14598,0.31526703
12214,0.54239887
7773,0.58440214
8670,0.49745703
9181,0.60081565
3121,0.63136584
7373,0.6801941
10152,0.729112
2648,0.68656564
7601,0.6097664
13860,0.6263736
5571,0.77103394
3938,0.71229005
14287,0.1895242
12421,0.2264166
13156,0.6509902
5369,0.6992955
4535,0.6854626
13514,0.691703
6823,0.6236901
10734,0.5930094
10482,0.62234175
5701,0.5427161
2442,0.6398335
5484,0.7404751
635,0.5314689
88,0.53415877
9020,0.6452356
6297,0.7268298
5729,0.70009893
12714,0.5345387
6500,0.69721204
1637,0.22744004
5476,0.6364301
6918,0.73534
820,0.13193882
8753,0.44540823
8002,0.5406904
2471,0.702666
3604,0.62947303
7192,0.70025957
1906,0.6123796
4072,0.67987317
14452,0.52905923
3506,0.6715069
3918,0.57190555
291,0.72921354
4272,0.6716837
7871,0.7167104
13118,0.77484214
6580,0.7305093
12907,0.66077167
13294,0.5927779
4971,0.6701949
2248,0.737371
2135,0.6775671
6639,0.60704565
4363,0.64946514
12003,0.7582434
10562,0.6438203
13175,0.5710955
8011,0.7350238
14303,0.5249405
1098,0.5177169
14815,0.16566992
9387,0.6141239
10693,0.71830183
8761,0.7249115
12913,0.7860164
538,0.75719225
1011,0.5241837
11635,0.6652342
761,0.2948016
101,0.5372474
1496,0.13193877
8103,0.67075616
3810,0.5325462
8630,0.63282025
6827,0.62883705
14618,0.2770329
11772,0.6366761
129,0.52326137
12686,0.13193879
13071,0.6929107
3396,0.7143453
9516,0.6914466
7555,0.5670263
14670,0.52115893
9392,0.69181484
10792,0.53294146
7899,0.70748323
10606,0.6129337
8374,0.7073939
13871,0.691768
1610,0.77060694
604,0.1604117
8512,0.6762665
2728,0.5812878
7853,0.6534396
1751,0.13193877
13966,0.63613546
2841,0.62829286
9501,0.6301256
14996,0.5359511
5748,0.69415885
13889,0.44555545
7475,0.608341
12336,0.670194
10497,0.36068404
6117,0.67067724
3337,0.6133978
2755,0.59244186
11986,0.6316636
1277,0.776048
1508,0.7196366
485,0.7651748
8097,0.80237633
3869,0.7328926
10590,0.7050434
2389,0.602982
11776,0.6119116
14542,0.13193883
6553,0.60736585
3237,0.7126253
6122,0.62008387
1424,0.52955115
13506,0.62817204
11103,0.6874612
3259,0.6289756
9017,0.71266085
1861,0.25566262
11258,0.6222568
1640,0.7575142
7399,0.6588314
1439,0.77132237
13557,0.5606993
3680,0.6386358
1429,0.7487516
8158,0.7174379
5229,0.6900496
3722,0.7234483
1348,0.7042447
12103,0.13193879
4740,0.7358462
360,0.20210956
11815,0.6953587
1531,0.5443158
8533,0.7623699
9612,0.62026507
6374,0.7533672
7412,0.6880461
2720,0.6483943
1221,0.7555445
13312,0.19593412
11105,0.5896497
708,0.28126115
12439,0.52954924
13426,0.67874676
5388,0.70600265
2556,0.76148933
9814,0.68340164
10921,0.7503627
4389,0.719175
1216,0.53104025
4835,0.7904187
14521,0.13193882
6903,0.6679732
221,0.5246919
2198,0.7789256
535,0.5506522
6203,0.76115876
6886,0.7068781
8281,0.65459913
3851,0.7549784
11322,0.69047564
12354,0.3606251
13551,0.6190483
8119,0.5039896
6941,0.7390112
14238,0.52318865
3641,0.75388163
13128,0.70931274
8520,0.7080213
11488,0.59379345
4702,0.66950554
4701,0.6350966
2358,0.692041
6305,0.6744185
6311,0.7535903
2717,0.67094296
5145,0.661225
14914,0.5290138
1246,0.5361624
5958,0.6322628
8884,0.6789035
1723,0.22814557
5919,0.59515643
7825,0.63685256
9639,0.5507262
13309,0.74639946
6697,0.73702663
2601,0.74146897
1394,0.5327328
5528,0.69958556
7827,0.6708514
2568,0.74812853
5825,0.64461344
7330,0.6838868
1012,0.2146147
12727,0.5535157
8086,0.6419059
2959,0.6242315
3472,0.6328164
12999,0.6942392
14421,0.5292221
13054,0.64040905
4374,0.76059556
9360,0.69076455
11568,0.610225
2815,0.63672835
9697,0.7535076
8559,0.6522468
13477,0.70341533
13961,0.49004567
1696,0.5537378
1527,0.5302938
12308,0.5264231
4508,0.6134456
11235,0.71459275
11234,0.70584637
11596,0.62676334
8582,0.7229664
9901,0.71265095
43,0.1319388
2562,0.71582645
5129,0.7000497
5801,0.70336294
9452,0.64774436
12845,0.76493603
13535,0.74753803
1057,0.52803886
416,0.743727
10722,0.67307246
786,0.76771873
7553,0.64349675
8034,0.65581274
6106,0.63864464
3951,0.66549295
2585,0.6877232
11676,0.6062263
9483,0.52263933
13529,0.7597744
8686,0.6619459
7262,0.6719641
8438,0.54681826
2081,0.68592817
610,0.13193879
3132,0.619348
1461,0.5375332
5327,0.6969984
2201,0.6060527
4427,0.6879727
6835,0.61252135
11581,0.60452694
27,0.5214655
11580,0.61029875
6345,0.5957039
12568,0.52619565
10782,0.72760993
11127,0.62459284
5360,0.7285306
4183,0.68002933
13614,0.6924454
6247,0.6827114
5252,0.68064886
8380,0.7388413
8737,0.65426105
13152,0.7931142
1762,0.64748925
13974,0.59364176
6780,0.6907752
313,0.51893395
7288,0.47028595
14191,0.71934325
6108,0.6276987
3293,0.64031094
8722,0.62264615
12211,0.7022384
8736,0.6170936
9826,0.7047064
918,0.27462998
5183,0.690666
8458,0.5237045
11032,0.61029774
10565,0.66688985
2634,0.5898395
6840,0.6481145
13409,0.591355
10637,0.689839
946,0.51351386
14274,0.5326778
6527,0.6831652
4892,0.5156055
288,0.76161283
1557,0.67742115
7814,0.7055269
10524,0.5598379
12993,0.72759634
13909,0.6738047
3388,0.6904511
8747,0.69023395
14692,0.21952178
13277,0.6327866
4646,0.70684874
13431,0.59502536
2115,0.72292066
3624,0.7056325
3324,0.63987625
13934,0.60208863
8192,0.7477494
882,0.19946417
8137,0.6606607
10468,0.6195366
3498,0.7257127
5253,0.60067683
9503,0.64047617
10335,0.5790117
7304,0.6964732
5837,0.6906946
13747,0.7703706
14840,0.5405484
2746,0.6940993
3153,0.58023345
13868,0.59192044
9885,0.6799535
14118,0.7385792
507,0.5453821
7603,0.720143
7023,0.67915064
5769,0.7528931
9572,0.6247931
60,0.7673682
10144,0.67425257
14527,0.51936454
986,0.5406246
4819,0.7042216
6005,0.7256563
407,0.27350837
6326,0.6879875
12725,0.5205499
176,0.5285457
8908,0.6563366
11777,0.5884083
6892,0.6296362
5037,0.65097135
3378,0.75531447
10290,0.6378493
7220,0.6654472
2004,0.6419943
10250,0.75706416
14646,0.51950186
2308,0.5722353
14073,0.7809897
8976,0.6666004
5100,0.5322116
4811,0.7479364
344,0.54061675
3049,0.6660753
14963,0.2532949
471,0.53948355
11937,0.6423924
5255,0.59693426
7895,0.5862241
13809,0.6934421
12900,0.68828577
5353,0.618198
7706,0.63715184
8081,0.67326945
10515,0.6972447
5778,0.709364
5076,0.74155706
12539,0.13193877
3269,0.7635576
7165,0.6914863
2473,0.69609135
8096,0.66847676
4408,0.6478538
2374,0.6932888
8760,0.7625137
1863,0.13193876
1997,0.5442057
4534,0.32332408
5441,0.7114714
11644,0.6207648
552,0.7138273
5599,0.21447434
2780,0.68191785
9413,0.6619656
14308,0.21431185
4767,0.5716865
7050,0.6816954
5440,0.71128756
14203,0.711165
13881,0.65046006
14149,0.6162894
5980,0.6735948
11029,0.676128
14927,0.5231871
14240,0.52207744
13902,0.615152
14633,0.7223523
2964,0.7196456
7689,0.6812091
3727,0.62895614
2806,0.60749537
1647,0.5423799
13484,0.48063958
9804,0.77138895
4616,0.6968183
11946,0.67802936
735,0.6893798
9504,0.74516445
11771,0.60157067
14028,0.6929807
2065,0.6868186
12894,0.6086583
12433,0.7282835
2077,0.6831347
10809,0.6319878
10383,0.6340609
13073,0.66708463
10974,0.26948726
3323,0.63592494
3984,0.7482973
5230,0.62151283
14870,0.75532883
2087,0.6360776
11354,0.7140903
12464,0.7548321
4722,0.64530754
8724,0.6049523
10467,0.39736396
11998,0.5610831
2914,0.7268874
1930,0.7442035
1219,0.7607998
11335,0.45437032
3245,0.29649788
3435,0.61459506
13962,0.7751748
3101,0.6875971
875,0.24537228
14219,0.7778006
1003,0.53577244
12088,0.5392892
14867,0.75502574
9219,0.55980307
9417,0.67139316
1685,0.72793525
7178,0.7800388
3559,0.6679953
4520,0.51684654
7028,0.6748027
11713,0.73686963
8534,0.668418
14019,0.6860465
6490,0.59682995
10199,0.5533287
838,0.7403371
9586,0.7432125
6213,0.7328951
4727,0.70595485
14074,0.64501405
9041,0.6461018
8020,0.6779442
12912,0.57660055
9738,0.67715406
7777,0.7430685
4128,0.4787879
2588,0.65809757
14600,0.55765766
7465,0.7063822
9720,0.7788916
6336,0.6982376
7653,0.6571041
7768,0.5977699
3144,0.69893974
12917,0.6864543
7591,0.591105
2605,0.6941607
14680,0.5440524
12033,0.5389245
6831,0.6870343
6656,0.4026429
1118,0.75525975
1998,0.7541098
4487,0.638231
9599,0.6927356
9718,0.68043053
10094,0.6838854
8456,0.6075109
3034,0.7206771
13074,0.6870822
3081,0.7120292
5329,0.6118152
7705,0.58527684
4340,0.693317
12026,0.7305306
9478,0.5888995
4786,0.72637194
14295,0.17316736
4574,0.74888355
11374,0.74608094
13253,0.7466875
4256,0.6920535
9577,0.68078846
11487,0.6619522
12772,0.66651434
6753,0.63926464
11000,0.5143057
1071,0.6451983
12687,0.13193877
4564,0.519957
12319,0.5120781
14489,0.26898718
12315,0.7228067
10171,0.66665417
11352,0.70839846
1464,0.2393233
12951,0.70848083
10799,0.7026316
4605,0.6995936
4822,0.7085216
12012,0.73614246
10364,0.6696675
3822,0.6017869
7731,0.6173503
8799,0.34303057
3863,0.7884634
4048,0.55466247
2302,0.7094795
6138,0.73606354
2668,0.73367906
8943,0.6201147
13517,0.75596106
2759,0.62784684
3188,0.7198077
5197,0.53356034
242,0.54663545
7112,0.75078905
8252,0.72445196
5057,0.68707055
2933,0.668173
9875,0.64315206
9487,0.6960425
5323,0.6836489
10605,0.61854035
84,0.18075503
7775,0.6578419
12650,0.51238054
2535,0.5896538
2864,0.65103465
290,0.50928885
39,0.5430309
2766,0.6952905
2702,0.64101845
8635,0.52583236
2510,0.64494497
8693,0.73762107
2142,0.712128
12043,0.1319388
12606,0.5533796
4058,0.22905256
10353,0.6540988
1744,0.5353427
4668,0.6962574
8718,0.64806694
3103,0.7095521
2030,0.64703447
4000,0.5724047
8118,0.6633511
7692,0.7420854
938,0.30574727
10895,0.7213275
13219,0.65327424
14610,0.2918012
1772,0.7614725
5091,0.65953285
11917,0.6296566
4894,0.5630881
540,0.5294465
4153,0.7014929
7569,0.6708376
13137,0.71674675
2401,0.700321
12690,0.53006166
10242,0.61462945
8956,0.6128896
5235,0.6956779
12061,0.13193883
6111,0.60001737
3477,0.7342203
5706,0.7671451
5949,0.5410911
11044,0.6893182
9272,0.63360494
12536,0.15471819
14471,0.5276217
11071,0.61603063
1134,0.5376152
12229,0.7484293
5611,0.5914125
4712,0.7225059
3772,0.6430912
13986,0.73597795
6120,0.60453767
13649,0.7092955
13391,0.7607232
6545,0.57894695
4753,0.6472494
5753,0.63228935
7754,0.7245683
7303,0.61623186
6633,0.6725216
3535,0.64153224
8138,0.60449797
3371,0.7056114
76,0.1769195
2630,0.75026065
7616,0.71301824
11548,0.6920379
5303,0.76016986
3247,0.63829505
356,0.54772395
13911,0.6683926
268,0.5505344
5259,0.7397768
12348,0.13193879
1469,0.64712733
7368,0.77622086
2494,0.6696401
12517,0.13193883
6245,0.6762125
8021,0.7140878
11802,0.72965413
14168,0.65457624
4936,0.6189981
1731,0.53247243
8334,0.71660864
4603,0.6790385
921,0.5209687
523,0.71072453
10656,0.74135524
12964,0.3023401
5470,0.7670633
5881,0.66887826
12997,0.77275306
14023,0.68468744
8505,0.6905748
8025,0.7287478
175,0.6797548
9393,0.6884469
8785,0.6727093
2662,0.6634768
9475,0.64793116
6636,0.63141924
10608,0.6595909
10846,0.5642653
11086,0.61692566
1433,0.5228627
12212,0.78127867
1172,0.5270389
932,0.53902566
13338,0.6180101
14241,0.15706839
4622,0.6394158
9681,0.67241555
10754,0.6801261
4444,0.6707429
6743,0.7289489
432,0.5363868
12986,0.69706696
14093,0.5219548
7644,0.6387301
7444,0.7340022
9652,0.536166
11660,0.691271
8160,0.693947
6784,0.66025025
9930,0.6529899
10282,0.72473425
4385,0.7364728
7276,0.7198915
11936,0.6188329
10902,0.68704754
11647,0.5793475
9719,0.69285285
6397,0.69715106
9717,0.76118094
11814,0.58470744
14200,0.6621368
9922,0.61239177
8603,0.6426728
6278,0.60220224
185,0.51236486
14785,0.5308808
7817,0.63268775
8513,0.6080569
7656,0.61268413
2739,0.6433622
10331,0.5893749
10407,0.76349485
12219,0.75709397
2465,0.6332428
13622,0.28774798
10582,0.6219023
8369,0.6153304
4526,0.61680037
2286,0.6717333
5628,0.6635087
14586,0.6946718
854,0.69332474
6436,0.7038549
10854,0.6393597
776,0.3025565
5743,0.7351261
14294,0.72560704
9694,0.5781991
1328,0.13193883
12445,0.20835885
4970,0.6199126
9954,0.7142193
6533,0.58778846
5308,0.7570645
2644,0.644782
13333,0.6496852
6343,0.75113875
12379,0.7346076
13060,0.69182795
6747,0.7303957
13675,0.60972905
5905,0.6532119
7116,0.598033
13924,0.73661464
2613,0.7145367
2444,0.6272662
9971,0.5873844
4883,0.7253384
8028,0.8019432
254,0.6778354
11412,0.787535
10408,0.750176
11019,0.723825
6046,0.68292516
2336,0.65347904
13829,0.71954715
9688,0.7939537
6738,0.75743455
6021,0.731035
7850,0.69205123
415,0.53146774
6741,0.79668576
12451,0.7332449
10375,0.68093497
6101,0.68212837
5765,0.7532988
11826,0.7701636
2955,0.7184751
11004,0.66087925
3226,0.5941075
1792,0.53882486
2433,0.7166682
10631,0.68834203
4776,0.66100043
5373,0.70034844
12980,0.7526675
5856,0.67439204
11135,0.68562007
5596,0.6899115
7846,0.6618084
4295,0.6997513
5870,0.66448575
13817,0.47767997
5331,0.5842855
8742,0.61914146
11173,0.6817259
14588,0.5512743
1006,0.5282512
7931,0.6515812
7751,0.7600128
8744,0.5721709
9895,0.5990041
13499,0.61711735
2130,0.6894843
10947,0.6496543
2628,0.6487335
11242,0.7139458
10929,0.40850532
990,0.2966392
8501,0.62546176
9742,0.69130427
14054,0.68005174
297,0.537485
12387,0.30647606
14462,0.6985155
10532,0.71691054
11355,0.61662596
2082,0.26427808
4004,0.7142453
12235,0.7366258
4265,0.36251724
13440,0.6342705
4513,0.67101425
3800,0.6886819
2237,0.6732737
1064,0.6655335
6712,0.6017522
879,0.70223325
14591,0.5241753
14062,0.6991855
2210,0.63668853
13914,0.6512977
7008,0.5848294
10281,0.56532896
1573,0.5838506
6335,0.7150393
10657,0.7270464
13397,0.7127976
14072,0.7179298
1109,0.7045496
9015,0.7529687
10117,0.44476044
5660,0.6560504
5842,0.77922845
13266,0.57142407
4512,0.7541433
11342,0.66806555
11527,0.6369713
11008,0.65205455
6914,0.74723846
14409,0.1319388
14101,0.5066777
9391,0.6506848
6427,0.63479406
3175,0.73685026
10213,0.62185097
13926,0.58079064
7837,0.7478256
8276,0.6847932
4982,0.5547175
591,0.63723165
14637,0.75753826
13249,0.6261373
3091,0.5772822
9178,0.6826736
3557,0.65559727
12083,0.72349447
10053,0.64773446
9223,0.40108132
13539,0.56481314
4132,0.63992304
3565,0.71863437
5840,0.68589085
9910,0.6519999
8069,0.6535133
12335,0.52854437
10573,0.30069947
12363,0.68446547
12924,0.782829
12472,0.6640601
2420,0.26558837
10601,0.7226451
12341,0.52324766
3659,0.5874251
1915,0.54534906
3465,0.73103297
3695,0.6427055
3622,0.70603853
9757,0.7341469
14933,0.13193879
2611,0.63421345
5933,0.7156748
10197,0.4935043
3757,0.73207897
7449,0.7844825
7678,0.715467
12543,0.75903845
7675,0.7230385
8968,0.69112176
8359,0.5794018
9775,0.69244355
2273,0.73552984
14858,0.53525376
5540,0.5790321
12557,0.55357087
1454,0.5702178
5334,0.7513606
797,0.62347764
6231,0.6643877
5262,0.7844342
7599,0.6526306
2005,0.6971828
7273,0.6542999
1972,0.52067703
11726,0.73644906
2447,0.71931946
5458,0.6372209
7794,0.6057773
8833,0.5438213
5426,0.6502649
8147,0.7074439
464,0.75388473
914,0.64001495
11886,0.660948
1077,0.7343215
2688,0.659797
3590,0.74235564
4566,0.5918829
5890,0.66393155
12735,0.688181
8071,0.6716674
13624,0.6494687
11424,0.6922441
4529,0.6713142
9229,0.7319017
2953,0.70311373
14344,0.5304839
1214,0.1319388
10128,0.6447894
2331,0.72987944
6337,0.61714023
12984,0.6538582
1343,0.54262286
6240,0.64774543
12971,0.74284226
2654,0.6198835
11642,0.61357504
4803,0.5760338
3223,0.78011423
1388,0.7234475
4862,0.67585903
6077,0.7488095
3776,0.68985265
12436,0.26695055
12898,0.7571003
11251,0.6878462
7600,0.7045632
2659,0.65952754
11728,0.7162356
478,0.749505
6669,0.7388921
14459,0.7315169
7329,0.7134946
2519,0.7089934
13765,0.685942
14020,0.5863154
13444,0.6870994
12977,0.6342817
10309,0.6663175
5708,0.67581564
2529,0.67544883
12513,0.18800797
922,0.520403
1314,0.52884597
4581,0.72614324
6957,0.5280117
410,0.31446654
11716,0.66056734
8841,0.55209
2989,0.67033356
8437,0.54451555
14538,0.69640297
8189,0.60929394
5405,0.6280617
6651,0.64979655
8814,0.6287951
9737,0.5557527
9007,0.70407516
3681,0.5348966
7450,0.6350377
4925,0.6576953
12649,0.53517544
4051,0.6752327
3666,0.64838254
6244,0.6288894
5109,0.72778314
12074,0.23938581
3123,0.67561823
11607,0.61686933
7365,0.6552083
1129,0.1915974
3966,0.66834956
7845,0.32328266
13943,0.60994095
12720,0.52669907
503,0.54005367
7734,0.6897681
8208,0.65194935
3417,0.58655566
12559,0.13193882
2398,0.70672643
5716,0.61574924
13692,0.6706063
3434,0.5730174
1225,0.5104757
10100,0.5732036
14621,0.30546206
6181,0.73891664
5725,0.654706
5055,0.6674822
9894,0.68642074
7030,0.73348147
5639,0.6515562
14502,0.735565
11661,0.52673
3823,0.69231147
2831,0.66234547
6508,0.6214674
13469,0.61974734
12455,0.52497333
3009,0.69925994
10951,0.6201088
702,0.53156376
10194,0.71106
1715,0.5297658
2821,0.6414053
7549,0.3383798
889,0.22311611
1526,0.7005748
588,0.6917785
14493,0.6723868
740,0.1319388
14184,0.6324324
533,0.52729285
10973,0.65012467
2319,0.6999305
13448,0.69463426
9721,0.7102868
5541,0.630184
798,0.3457862
5163,0.6646323
6788,0.731764
7229,0.60142356
781,0.7465518
8865,0.6435905
11473,0.19183819
4110,0.66408783
12958,0.7066558
9994,0.70182997
12287,0.28471678
7870,0.6127706
232,0.29596508
14816,0.6903053
11066,0.6332556
13928,0.630828
1152,0.55019563
3719,0.5916205
5823,0.7289024
14662,0.7258748
9692,0.75495964
12915,0.5684276
2642,0.6936719
2404,0.7299202
9594,0.58314896
7547,0.7052289
14806,0.66401976
4842,0.6901153
4134,0.7249188
12094,0.27812916
8016,0.7209171
8152,0.61534876
5486,0.7000811
437,0.5454677
10790,0.5521057
1704,0.5244426
8920,0.6091973
9356,0.6614123
4076,0.71485645
9615,0.6434329
9878,0.5089051
11811,0.6474305
4711,0.65870196
9940,0.66787857
8989,0.63091785
1005,0.6938316
11470,0.7334467
9136,0.625761
6592,0.6981006
1688,0.5332222
12314,0.2330259
2321,0.6733265
1014,0.5445476
13978,0.7275749
6047,0.6553429
7186,0.6770022
9443,0.74234575
13075,0.73651487
4449,0.52154964
9974,0.64000887
3260,0.67038274
2247,0.7179701
4816,0.73278797
11796,0.6554808
1748,0.7262852
13870,0.65097445
6904,0.6121141
517,0.13193883
5324,0.6524225
13523,0.6760946
10048,0.73252076
10271,0.62596905
9492,0.5668004
10990,0.5781781
7471,0.7088722
7025,0.71284735
10388,0.70738655
9166,0.60106736
2885,0.7133041
4789,0.7744105
11357,0.7945699
9186,0.64613265
13683,0.62905765
11692,0.702659
8161,0.5723924
2298,0.53535485
3369,0.5763987
118,0.5377446
9754,0.7386494
3513,0.65555906
13681,0.7330084
2865,0.7085293
10066,0.6370762
14418,0.72450715
3180,0.6526776
6777,0.6888057
13753,0.5600201
5246,0.7662627
10775,0.6953271
2687,0.6662151
12477,0.22899993
5185,0.6854077
1168,0.7184832
13581,0.6632617
14820,0.1319388
6573,0.65706974
10366,0.5767084
7874,0.71323055
14331,0.6398865
1893,0.13193883
6243,0.45517504
6356,0.6551947
8781,0.57998323
9073,0.6760649
10665,0.6533434
11605,0.64782226
13305,0.6776395
8092,0.7710721
1016,0.54955494
7200,0.7078599
601,0.76353437
4040,0.73844606
4021,0.5338401
6818,0.6918531
4202,0.66255903
6956,0.6754101
13161,0.75612575
7498,0.70951426
970,0.52282923
7799,0.6654124
1261,0.5441933
11606,0.4754628
4457,0.653228
3191,0.70115274
310,0.13193882
5614,0.6178543
10324,0.7638903
181,0.25332662
14046,0.40612733
1585,0.7728018
13802,0.5949808
1509,0.52379245
1108,0.13193882
1031,0.7948374
8780,0.70141697
14155,0.7051341
14509,0.5205349
12159,0.51039296
1628,0.54586595
10034,0.72273797
11250,0.70504177
14066,0.6864228
12895,0.69765764
10859,0.6722831
13698,0.6638697
11202,0.60266054
4772,0.6732643
10776,0.762075
6977,0.735757
10696,0.6587537
4864,0.7098765
14151,0.5774247
14260,0.52620715
11468,0.61334336
3788,0.62838703
1034,0.2984196
5795,0.64221483
9118,0.6339645
9179,0.65728825
2767,0.61267763
13980,0.7197948
5394,0.6039689
1434,0.53010803
10877,0.80830556
7387,0.6257878
6730,0.6870015
11077,0.6324457
5333,0.71637267
6255,0.5762186
1592,0.5530718
8088,0.6339665
14117,0.5543211
11528,0.6592546
13135,0.64555216
14791,0.5315978
4886,0.65376514
8885,0.6967323
10747,0.7071398
14458,0.53028387
7472,0.74314594
741,0.6501351
12706,0.73292416
2450,0.67128605
5843,0.6883201
11531,0.5116309
7908,0.65382105
7376,0.5797041
5179,0.59194946
5712,0.6697743
9077,0.6047376
8010,0.54782945
8819,0.7129243
4713,0.69588023
4636,0.7599769
5118,0.72084635
7255,0.64479107
3020,0.73460764
386,0.19371183
3510,0.764525
4013,0.7588498
13399,0.7299859
10372,0.6853156
2903,0.6503198
8455,0.5634348
655,0.75248706
6520,0.6821819
11597,0.7411533
7440,0.656289
1180,0.7252991
3755,0.6754301
7432,0.7494162
3372,0.6661085
8310,0.55365235
1855,0.76633203
2051,0.6660766
8454,0.66706645
13343,0.6219474
4208,0.7594142
4554,0.69074595
3720,0.78255385
14105,0.7423871
13746,0.6868996
10287,0.6642924
4002,0.6587471
11592,0.6692212
14435,0.54462326
6532,0.6887538
9324,0.6567189
8080,0.6647055
12210,0.5282674
2345,0.66485167
13351,0.6373947
6980,0.78073007
3186,0.6936501
14686,0.5381868
6323,0.6588729
8646,0.6748937
2505,0.7533372
468,0.7221524
9714,0.6994063
13569,0.6821458
10401,0.7188591
4151,0.6569525
1403,0.731803
6725,0.1924648
11519,0.5544916
3030,0.69675434
5955,0.7257861
9977,0.67589456
7385,0.6545992
6051,0.66613764
2609,0.7406314
764,0.74586487
11211,0.6666735
8492,0.61793727
8591,0.53767425
3087,0.73399556
11315,0.7021581
12839,0.6700379
3853,0.68205434
4463,0.42109495
10983,0.65279526
1576,0.720616
6524,0.7616287
2607,0.69482833
628,0.7216639
8355,0.6172181
1385,0.5200976
9518,0.6174422
11903,0.6687272
14111,0.602162
6990,0.70424
11974,0.6515911
11611,0.4702862
14560,0.52471596
12161,0.7349523
12372,0.52281594
107,0.53418714
10412,0.43463165
5004,0.7532442
13480,0.66414315
87,0.51149637
10571,0.7044808
6277,0.7442778
6841,0.6092389
9361,0.6488245
4158,0.71689326
5500,0.665162
13028,0.47635317
10952,0.7197394
5048,0.6572563
1598,0.64974034
4159,0.7046711
240,0.13193882
10969,0.7319971
9509,0.6593153
12234,0.69544846
12863,0.6952148
7920,0.5979325
10890,0.6434825
2683,0.6041837
12486,0.52453715
11824,0.74903756
6357,0.7041285
2304,0.6212992
7132,0.5591108
9800,0.6735927
5490,0.5645792
14306,0.5387607
1112,0.28962672
10772,0.7485935
939,0.51532704
3471,0.7092959
3203,0.6996216
5269,0.65729696
6098,0.64751595
4496,0.7455399
11181,0.49072707
78,0.55022687
10655,0.74176675
7666,0.6483967
6966,0.64131075
14516,0.51649654
14673,0.6336351
6919,0.59757584
2986,0.66899174
12946,0.6561722
11226,0.7047613
1908,0.7450375
3576,0.736617
14042,0.7309546
506,0.76530993
9951,0.6405273
1737,0.24323207
13380,0.7520738
8331,0.72128004
9846,0.6904474
12361,0.7526099
14790,0.55171525
5385,0.69140345
11893,0.67513776
9611,0.69404936
7552,0.56744945
6908,0.5940879
13766,0.5796723
1001,0.25197566
6403,0.6434196
8073,0.66342455
4397,0.72386426
2366,0.62800556
782,0.7614433
12647,0.5331977
8349,0.5716528
200,0.67381394
9105,0.7424734
1236,0.5132562
3594,0.7659145
7673,0.7364194
2383,0.72590226
4234,0.61551005
12239,0.13193879
8581,0.64314586
140,0.2989267
2754,0.70617396
807,0.784594
14844,0.5475238
3865,0.7583574
2685,0.5735945
566,0.13193883
9957,0.58050424
2614,0.68768656
3261,0.6584651
14322,0.18489195
7674,0.4894256
4255,0.6238945
6746,0.6622297
10946,0.60980123
14025,0.5649223
8839,0.7177896
1090,0.54488903
2679,0.43264103
4745,0.62856615
14946,0.5690429
4580,0.7200391
12773,0.54825336
6878,0.69132715
8366,0.70207244
9271,0.72670346
559,0.13193882
13027,0.5876786
14400,0.5390082
7364,0.6938299
9399,0.63749284
7546,0.66317177
13583,0.6487997
1720,0.7571432
5001,0.61425394
322,0.59303015
3214,0.7152713
14439,0.7466398
1086,0.68011063
8094,0.6005613
2192,0.6230569
10367,0.62679404
12405,0.6714767
9829,0.7139204
12759,0.5469618
1140,0.7331076
12619,0.5313922
4470,0.59866434
11095,0.77251846
1801,0.25073054
2822,0.7504655
12948,0.7588069
13853,0.61191255
11925,0.6048647
5000,0.44852835
12908,0.665259
5694,0.7019586
10307,0.65982854
2460,0.67791873
13536,0.56535417
6916,0.68433213
13918,0.6416671
3610,0.73786885
7406,0.661513
12429,0.52827215
9190,0.6348725
8980,0.61579984
3774,0.67087656
14285,0.24102011
5027,0.5611231
3775,0.63796717
6329,0.26492304
14808,0.2531889
239,0.13193879
10006,0.5990724
4459,0.7511839
2340,0.6414291
10419,0.62230116
5311,0.69788456
1408,0.53417665
2357,0.74705386
13819,0.66214854
12136,0.25410843
5194,0.3954088
1757,0.52965546
9677,0.74331516
1280,0.53293824
2295,0.7030743
9059,0.30283737
10021,0.6963027
5307,0.5522767
10552,0.6584043
14059,0.67878217
6728,0.55665654
10111,0.62172407
12117,0.28578204
14972,0.16357405
6574,0.6982596
3142,0.734187
9629,0.66055363
11191,0.67282605
182,0.70211464
13689,0.62041503
2966,0.7158169
6129,0.61375934
14913,0.5253078
7159,0.6480128
7509,0.5974167
5330,0.6244499
7370,0.66489255
10416,0.65438044
11700,0.6660579
3700,0.6476677
6955,0.66277593
7758,0.75979084
11373,0.61043864
8550,0.6472022
11563,0.5560929
5945,0.6754517
5195,0.7264965
6488,0.7120436
1244,0.21233888
7358,0.64066344
4942,0.55723065
4769,0.7520614
7446,0.6658924
8291,0.76338154
11542,0.5599467
11108,0.6955622
12564,0.5452037
5622,0.62383765
13531,0.7649507
163,0.73291934
6538,0.64785033
1329,0.26951006
4145,0.564752
9999,0.73151493
3307,0.5362322
3989,0.67230934
8993,0.6769798
3601,0.6903992
8556,0.7459275
12733,0.512233
4018,0.7973537
11816,0.71291155
3969,0.64212245
12729,0.2183149
7196,0.62808645
14909,0.23060125
4317,0.7016846
106,0.7703702
7789,0.6712039
7222,0.6502399
14332,0.51454943
9946,0.5313224
1925,0.44128507
6386,0.7252918
3042,0.6281406
6219,0.6929731
8965,0.6175095
3318,0.72156376
5417,0.5721764
14051,0.7497898
11003,0.69306546
414,0.7632762
11138,0.7359131
8058,0.65275687
11395,0.72633916
11582,0.63007605
3243,0.6255658
5225,0.6877197
10165,0.69660443
5439,0.68291014
13438,0.604865
6772,0.60903686
12943,0.7706019
6110,0.71267647
4473,0.6461684
14657,0.52191466
2509,0.6952639
5927,0.57970446
5737,0.5553525
7836,0.66042155
10131,0.65660864
2805,0.7473735
532,0.29439813
12044,0.23957652
9031,0.69232166
7457,0.71075606
9035,0.63740796
10248,0.58652437
13967,0.48887795
8991,0.75872546
2335,0.66857564
96,0.2403268
1778,0.639798
6063,0.64719063
2635,0.77086407
5668,0.6313432
2584,0.6707109
10113,0.65584874
3399,0.711172
1298,0.5115873
7747,0.6793271
14944,0.7421242
554,0.54141164
6585,0.6534546
102,0.5266935
11430,0.61003846
13430,0.5808783
11779,0.6563117
6320,0.65738094
8322,0.67931956
3843,0.5685816
13803,0.66893405
12242,0.54435694
262,0.53329927
9567,0.67216307
12034,0.72581345
6826,0.48500544
14842,0.64870435
2857,0.6120562
10643,0.7171187
8238,0.7140121
14470,0.20107551
14961,0.44318378
3485,0.69827014
429,0.5318362
8050,0.6582529
13303,0.68707687
11853,0.6352764
6085,0.7113486
2838,0.7074797
528,0.15659925
14282,0.64402586
4428,0.54905075
11341,0.7651567
6999,0.65670353
4689,0.68440706
1250,0.7316312
1506,0.5429548
4995,0.6832484
95,0.54007053
3598,0.62808233
8434,0.557682
14013,0.72952706
10221,0.7150777
12847,0.66213363
12036,0.5162846
